,match_id,country,run,ball,4s,6s,srike_rate
Aaron Johnson,CAN_USA_2_June,CAN,23,16,5,0,143.75
Navneet Dhaliwal,CAN_USA_2_June,CAN,61,44,6,3,138.64
Pargat Singh,CAN_USA_2_June,CAN,5,7,0,0,71.43
Nicholas Kirton,CAN_USA_2_June,CAN,51,31,3,2,164.52
Shreyas Movva (wk),CAN_USA_2_June,CAN,32,16,2,2,200
Dilpreet Singh,CAN_USA_2_June,CAN,11,5,1,1,220
Dillon Heyliger,CAN_USA_2_June,CAN,1,1,0,0,100
Steven Taylor,CAN_USA_2_June,USA,0,2,0,0,0
Monank Patel (c & wk),CAN_USA_2_June,USA,16,16,2,0,100
Andries Gous,CAN_USA_2_June,USA,65,46,7,3,141.3
Aaron Jones,CAN_USA_2_June,USA,94,40,4,10,235
Corey Anderson,CAN_USA_2_June,USA,3,5,0,0,60
Tony Ura,PNG_WI_2_June,PNG,2,5,0,0,40
Assad Vala (c),PNG_WI_2_June,PNG,21,22,2,1,95.45
Lega Siaka,PNG_WI_2_June,PNG,1,2,0,0,50
Sese Bau,PNG_WI_2_June,PNG,50,43,6,1,116.28
Hiri Hiri,PNG_WI_2_June,PNG,2,6,0,0,33.33
Charles Amini,PNG_WI_2_June,PNG,12,14,0,0,85.71
Kiplin Doriga (wk),PNG_WI_2_June,PNG,27,18,3,0,150
Chad Soper,PNG_WI_2_June,PNG,10,9,1,0,111.11
Alei Nao,PNG_WI_2_June,PNG,0,0,0,0,0
Kabua Morea,PNG_WI_2_June,PNG,2,2,0,0,100
Brandon King,PNG_WI_2_June,WI,34,29,7,0,117.24
Johnson Charles,PNG_WI_2_June,WI,0,1,0,0,0
Nicholas Pooran (wk),PNG_WI_2_June,WI,27,27,1,2,100
Roston Chase,PNG_WI_2_June,WI,42,27,4,2,155.56
Rovman Powell (c),PNG_WI_2_June,WI,15,14,2,0,107.14
Sherfane Rutherford,PNG_WI_2_June,WI,2,7,0,0,28.57
Andre Russell,PNG_WI_2_June,WI,15,9,0,1,166.67
Kashyap,OMAN_NAM_3_June,OMAN,0,1,0,0,0
Naseem Khushi (wk),OMAN_NAM_3_June,OMAN,6,6,1,0,100
Aqib Ilyas (c),OMAN_NAM_3_June,OMAN,0,1,0,0,0
Zeeshan Maqsood,OMAN_NAM_3_June,OMAN,22,20,4,0,110
Khalid Kail,OMAN_NAM_3_June,OMAN,34,39,1,1,87.18
Ayaan Khan,OMAN_NAM_3_June,OMAN,15,21,0,1,71.43
Mohammad Nadeem,OMAN_NAM_3_June,OMAN,6,10,0,0,60
Mehran Khan,OMAN_NAM_3_June,OMAN,7,8,1,0,87.5
Shakeel Ahmed,OMAN_NAM_3_June,OMAN,11,9,2,0,122.22
Kaleemullah,OMAN_NAM_3_June,OMAN,2,3,0,0,66.67
Bilal Khan,OMAN_NAM_3_June,OMAN,1,1,0,0,100
Michael van Lingen,OMAN_NAM_3_June,NAM,0,2,0,0,0
Nikolaas Davin,OMAN_NAM_3_June,NAM,24,31,2,1,77.42
Jan Frylinck,OMAN_NAM_3_June,NAM,45,48,6,0,93.75
Gerhard Erasmus (c),OMAN_NAM_3_June,NAM,13,16,1,0,81.25
JJ Smit,OMAN_NAM_3_June,NAM,8,12,1,0,66.67
David Wiese,OMAN_NAM_3_June,NAM,9,8,0,1,112.5
Zane Green (wk),OMAN_NAM_3_June,NAM,0,2,0,0,0
Malan Kruger,OMAN_NAM_3_June,NAM,1,1,0,0,100
Pathum Nissanka,SL_RSA_3_June,SL,3,8,0,0,37.5
Kusal Mendis (wk),SL_RSA_3_June,SL,19,30,1,0,63.33
Kamindu Mendis,SL_RSA_3_June,SL,11,15,1,0,73.33
W Hasaranga (c),SL_RSA_3_June,SL,0,2,0,0,0
Samarawickrama,SL_RSA_3_June,SL,0,1,0,0,0
Asalanka,SL_RSA_3_June,SL,6,9,0,0,66.67
Mathews,SL_RSA_3_June,SL,16,16,0,2,100
Shanaka,SL_RSA_3_June,SL,9,10,0,1,90
M Theekshana,SL_RSA_3_June,SL,7,16,1,0,43.75
Matheesha Pathirana,SL_RSA_3_June,SL,0,4,0,0,0
N Thushara,SL_RSA_3_June,SL,0,4,0,0,0
Quinton de Kock (wk),SL_RSA_3_June,RSA,20,27,0,1,74.07
Reeza Hendricks,SL_RSA_3_June,RSA,4,2,1,0,200
Aiden Markram (c),SL_RSA_3_June,RSA,12,14,0,1,85.71
Tristan Stubbs,SL_RSA_3_June,RSA,13,28,0,0,46.43
Heinrich Klaasen,SL_RSA_3_June,RSA,19,22,1,1,86.36
David Miller,SL_RSA_3_June,RSA,6,6,1,0,100
Gurbaz (wk),UGA_AFG_4_June,AFG,76,45,4,4,168.89
Ibrahim Zadran,UGA_AFG_4_June,AFG,70,46,9,1,152.17
Najibullah,UGA_AFG_4_June,AFG,2,3,0,0,66.67
Nabi,UGA_AFG_4_June,AFG,14,16,0,0,87.5
Gulbadin,UGA_AFG_4_June,AFG,4,5,0,0,80
Azmatullah,UGA_AFG_4_June,AFG,5,5,0,0,100
Rashid Khan (c),UGA_AFG_4_June,AFG,2,1,0,0,200
Ronak Patel,UGA_AFG_4_June,UGA,4,2,1,0,200
Simon Ssesazi (wk),UGA_AFG_4_June,UGA,4,4,1,0,100
Roger Mukasa,UGA_AFG_4_June,UGA,0,1,0,0,0
Riazat Ali Shah,UGA_AFG_4_June,UGA,11,34,0,0,32.35
Dinesh Nakrani,UGA_AFG_4_June,UGA,6,8,1,0,75
Alpesh Ramjani,UGA_AFG_4_June,UGA,0,2,0,0,0
Robinson Obuya,UGA_AFG_4_June,UGA,14,25,0,1,56
Brian Masaba (c),UGA_AFG_4_June,UGA,0,1,0,0,0
Bilal Hassan,UGA_AFG_4_June,UGA,8,16,1,0,50
Cosmas Kyewuta,UGA_AFG_4_June,UGA,2,2,0,0,100
Henry Ssenyondo,UGA_AFG_4_June,UGA,0,1,0,0,0
Kushal Bhurtel,NEP_NED_4_June,NEP,7,10,1,0,70
Aasif Sheikh (wk),NEP_NED_4_June,NEP,4,8,1,0,50
Anil Sah,NEP_NED_4_June,NEP,11,12,2,0,91.67
Rohit Paudel (c),NEP_NED_4_June,NEP,35,37,5,0,94.59
Kushal Malla,NEP_NED_4_June,NEP,9,9,1,0,100
Dipendra Singh,NEP_NED_4_June,NEP,1,6,0,0,16.67
Sompal Kami,NEP_NED_4_June,NEP,0,5,0,0,0
Gulsan Jha,NEP_NED_4_June,NEP,14,15,0,1,93.33
Karan KC,NEP_NED_4_June,NEP,17,12,0,2,141.67
Sagar Dhakal,NEP_NED_4_June,NEP,0,1,0,0,0
Abinash Bohara,NEP_NED_4_June,NEP,0,1,0,0,0
Michael Levitt,NEP_NED_4_June,NED,1,3,0,0,33.33
Max ODowd,NEP_NED_4_June,NED,54,48,4,1,112.5
Vikramjit Singh,NEP_NED_4_June,NED,22,28,4,0,78.57
Sybrand Engelbrecht,NEP_NED_4_June,NED,14,16,1,0,87.5
Scott Edwards (c & wk),NEP_NED_4_June,NED,5,8,0,0,62.5
Bas de Leede,NEP_NED_4_June,NED,11,10,1,0,110
Balbirnie,IRE_IND_5_June,IRE,5,10,1,0,50
Stirling (c),IRE_IND_5_June,IRE,2,6,0,0,33.33
Lorcan Tucker (wk),IRE_IND_5_June,IRE,10,13,2,0,76.92
Harry Tector,IRE_IND_5_June,IRE,4,16,0,0,25
Curtis Campher,IRE_IND_5_June,IRE,12,8,1,1,150
Dockrell,IRE_IND_5_June,IRE,3,5,0,0,60
Delany,IRE_IND_5_June,IRE,26,14,2,2,185.71
Mark Adair,IRE_IND_5_June,IRE,3,2,0,0,150
Barry McCarthy,IRE_IND_5_June,IRE,0,6,0,0,0
Joshua Little,IRE_IND_5_June,IRE,14,13,2,0,107.69
Benjamin White,IRE_IND_5_June,IRE,2,4,0,0,50
Rohit Sharma (c),IRE_IND_5_June,IND,52,37,4,3,140.54
Virat Kohli,IRE_IND_5_June,IND,1,5,0,0,20
Rishabh Pant (wk),IRE_IND_5_June,IND,36,26,3,2,138.46
Suryakumar Yadav,IRE_IND_5_June,IND,2,4,0,0,50
Shivam Dube,IRE_IND_5_June,IND,0,2,0,0,0
Assad Vala (c),PNG_UGA_6_June,PNG,0,2,0,0,0
Tony Ura,PNG_UGA_6_June,PNG,1,6,0,0,16.67
Sese Bau,PNG_UGA_6_June,PNG,5,9,1,0,55.56
Lega Siaka,PNG_UGA_6_June,PNG,12,17,1,0,70.59
Hiri Hiri,PNG_UGA_6_June,PNG,15,19,2,0,78.95
Charles Amini,PNG_UGA_6_June,PNG,5,14,0,0,35.71
Kiplin Doriga (wk),PNG_UGA_6_June,PNG,12,20,0,1,60
Chad Soper,PNG_UGA_6_June,PNG,4,11,0,0,36.36
Norman Vanua,PNG_UGA_6_June,PNG,5,10,0,0,50
Alei Nao,PNG_UGA_6_June,PNG,5,6,0,0,83.33
John Kariko,PNG_UGA_6_June,PNG,0,2,0,0,0
Roger Mukasa,PNG_UGA_6_June,UGA,0,3,0,0,0
Simon Ssesazi (wk),PNG_UGA_6_June,UGA,1,3,0,0,33.33
Robinson Obuya,PNG_UGA_6_June,UGA,1,2,0,0,50
Riazat Ali Shah,PNG_UGA_6_June,UGA,33,56,1,0,58.93
Alpesh Ramjani,PNG_UGA_6_June,UGA,8,10,1,0,80
Dinesh Nakrani,PNG_UGA_6_June,UGA,0,3,0,0,0
Juma Miyagi,PNG_UGA_6_June,UGA,13,16,0,0,81.25
Kenneth Waiswa,PNG_UGA_6_June,UGA,7,16,0,0,43.75
Brian Masaba (c),PNG_UGA_6_June,UGA,0,1,0,0,0
Warner,OMAN_AUS_6_June,AUS,56,51,6,1,109.8
Head,OMAN_AUS_6_June,AUS,12,10,2,0,120
Mitchell Marsh (c),OMAN_AUS_6_June,AUS,14,21,2,0,66.67
Maxwell,OMAN_AUS_6_June,AUS,0,1,0,0,0
Stoinis,OMAN_AUS_6_June,AUS,67,36,2,6,186.11
Tim David,OMAN_AUS_6_June,AUS,9,4,2,0,225
Kashyap Prajapati,OMAN_AUS_6_June,OMAN,7,16,1,0,43.75
Pratik Athavale (wk),OMAN_AUS_6_June,OMAN,0,1,0,0,0
Aqib Ilyas (c),OMAN_AUS_6_June,OMAN,18,18,2,1,100
Zeeshan Maqsood,OMAN_AUS_6_June,OMAN,1,7,0,0,14.29
Khalid Kail,OMAN_AUS_6_June,OMAN,8,12,1,0,66.67
Ayaan Khan,OMAN_AUS_6_June,OMAN,36,30,2,2,120
Shoaib Khan,OMAN_AUS_6_June,OMAN,0,4,0,0,0
Mehran Khan,OMAN_AUS_6_June,OMAN,27,16,1,2,168.75
Shakeel Ahmed,OMAN_AUS_6_June,OMAN,11,10,1,0,110
Kaleemullah,OMAN_AUS_6_June,OMAN,6,4,0,0,150
Bilal Khan,OMAN_AUS_6_June,OMAN,1,2,0,0,50
Rizwan (wk),PAK_USA_6_June,PAK,9,8,0,1,112.5
Babar Azam (c),PAK_USA_6_June,PAK,44,43,3,2,102.33
Usman Khan,PAK_USA_6_June,PAK,3,3,0,0,100
Fakhar Zaman,PAK_USA_6_June,PAK,11,7,0,1,157.14
Shadab Khan,PAK_USA_6_June,PAK,40,25,1,3,160
Azam Khan,PAK_USA_6_June,PAK,0,1,0,0,0
Iftikhar Ahmed,PAK_USA_6_June,PAK,18,14,3,0,128.57
Shaheen Afridi,PAK_USA_6_June,PAK,23,16,1,2,143.75
Haris Rauf,PAK_USA_6_June,PAK,3,3,0,0,100
Steven Taylor,PAK_USA_6_June,USA,12,16,1,0,75
Monank Patel (c & wk),PAK_USA_6_June,USA,50,38,7,1,131.58
Andries Gous,PAK_USA_6_June,USA,35,26,5,1,134.62
Aaron Jones,PAK_USA_6_June,USA,36,26,2,2,138.46
Nitish Kumar,PAK_USA_6_June,USA,14,14,1,0,100
Kotze,NAM_SCO_7_June,NAM,0,3,0,0,0
Niko Davin,NAM_SCO_7_June,NAM,20,12,4,0,166.67
Jan Frylinck,NAM_SCO_7_June,NAM,12,14,2,0,85.71
Gerhard Erasmus (c),NAM_SCO_7_June,NAM,52,31,5,2,167.74
Malan Kruger,NAM_SCO_7_June,NAM,2,8,0,0,25
Zane Green (wk),NAM_SCO_7_June,NAM,28,27,1,1,103.7
Wiese,NAM_SCO_7_June,NAM,14,13,0,1,107.69
Trumpelmann,NAM_SCO_7_June,NAM,1,2,0,0,50
Smit,NAM_SCO_7_June,NAM,11,8,0,1,137.5
Bernard Scholtz,NAM_SCO_7_June,NAM,6,4,0,0,150
Tangeni Lungameni,NAM_SCO_7_June,NAM,0,0,0,0,0
George Munsey,NAM_SCO_7_June,SCO,7,15,0,0,46.67
Michael Jones,NAM_SCO_7_June,SCO,26,20,3,1,130
Brandon McMullen,NAM_SCO_7_June,SCO,19,17,2,0,111.76
Richie Berrington (c),NAM_SCO_7_June,SCO,47,35,2,2,134.29
Matthew Cross (wk),NAM_SCO_7_June,SCO,3,5,0,0,60
Michael Leask,NAM_SCO_7_June,SCO,35,17,0,4,205.88
Chris Greaves,NAM_SCO_7_June,SCO,4,3,0,0,133.33
Aaron Johnson,IRE_CAN_7_June,CAN,14,13,3,0,107.69
Navneet Dhaliwal,IRE_CAN_7_June,CAN,6,10,1,0,60
Pargat Singh,IRE_CAN_7_June,CAN,18,14,2,0,128.57
Dilpreet Bajwa,IRE_CAN_7_June,CAN,7,9,1,0,77.78
Nicholas Kirton,IRE_CAN_7_June,CAN,49,35,3,2,140
Shreyas Movva (wk),IRE_CAN_7_June,CAN,37,36,3,0,102.78
Dillon Heyliger,IRE_CAN_7_June,CAN,0,2,0,0,0
Saad Bin Zafar (c),IRE_CAN_7_June,CAN,1,1,0,0,100
Andrew Balbirnie,IRE_CAN_7_June,IRE,17,19,1,0,89.47
Paul Stirling (c),IRE_CAN_7_June,IRE,9,17,1,0,52.94
Lorcan Tucker (wk),IRE_CAN_7_June,IRE,10,15,0,0,66.67
Harry Tector,IRE_CAN_7_June,IRE,7,5,0,0,140
Curtis Campher,IRE_CAN_7_June,IRE,4,7,0,0,57.14
George Dockrell,IRE_CAN_7_June,IRE,30,23,2,1,130.43
Gareth Delany,IRE_CAN_7_June,IRE,3,7,0,0,42.86
Mark Adair,IRE_CAN_7_June,IRE,34,24,3,1,141.67
Barry McCarthy,IRE_CAN_7_June,IRE,2,3,0,0,66.67
Gurbaz (wk),NZ_AFG_8_June,AFG,80,56,5,5,142.86
Ibrahim Zadran,NZ_AFG_8_June,AFG,44,41,3,2,107.32
Azmatullah,NZ_AFG_8_June,AFG,22,13,1,2,169.23
Nabi,NZ_AFG_8_June,AFG,0,1,0,0,0
Rashid Khan (c),NZ_AFG_8_June,AFG,6,5,1,0,120
Karim Janat,NZ_AFG_8_June,AFG,1,1,0,0,100
Gulbadin,NZ_AFG_8_June,AFG,0,2,0,0,0
Najibullah,NZ_AFG_8_June,AFG,1,1,0,0,100
Finn Allen,NZ_AFG_8_June,NZ,0,1,0,0,0
Devon Conway (wk),NZ_AFG_8_June,NZ,8,10,1,0,80
Kane Williamson (c),NZ_AFG_8_June,NZ,9,13,1,0,69.23
Daryl Mitchell,NZ_AFG_8_June,NZ,5,5,1,0,100
Glenn Phillips,NZ_AFG_8_June,NZ,18,18,2,0,100
Mark Chapman,NZ_AFG_8_June,NZ,4,7,0,0,57.14
Michael Bracewell,NZ_AFG_8_June,NZ,0,1,0,0,0
Mitchell Santner,NZ_AFG_8_June,NZ,4,8,0,0,50
Matt Henry,NZ_AFG_8_June,NZ,12,17,0,1,70.59
Lockie Ferguson,NZ_AFG_8_June,NZ,2,5,0,0,40
Trent Boult,NZ_AFG_8_June,NZ,3,7,0,0,42.86
Pathum Nissanka,SL_BAN_8_June,SL,47,28,7,1,167.86
Kusal Mendis (wk),SL_BAN_8_June,SL,10,8,2,0,125
Kamindu Mendis,SL_BAN_8_June,SL,4,5,1,0,80
Dhananjaya de Silva,SL_BAN_8_June,SL,21,26,1,0,80.77
Asalanka,SL_BAN_8_June,SL,19,21,1,1,90.48
W Hasaranga (c),SL_BAN_8_June,SL,0,1,0,0,0
Mathews,SL_BAN_8_June,SL,16,19,1,0,84.21
Shanaka,SL_BAN_8_June,SL,3,7,0,0,42.86
M Theekshana,SL_BAN_8_June,SL,0,3,0,0,0
Matheesha Pathirana,SL_BAN_8_June,SL,0,1,0,0,0
N Thushara,SL_BAN_8_June,SL,0,1,0,0,0
Tanzid Hasan,SL_BAN_8_June,BAN,3,6,0,0,50
Soumya Sarkar,SL_BAN_8_June,BAN,0,2,0,0,0
Litton Das (wk),SL_BAN_8_June,BAN,36,38,2,1,94.74
Najmul Hossain Shanto (c),SL_BAN_8_June,BAN,7,13,0,0,53.85
Towhid Hridoy,SL_BAN_8_June,BAN,40,20,1,4,200
Shakib Al Hasan,SL_BAN_8_June,BAN,8,14,0,0,57.14
Mahmudullah,SL_BAN_8_June,BAN,16,13,0,1,123.08
Rishad Hossain,SL_BAN_8_June,BAN,1,3,0,0,33.33
Taskin Ahmed,SL_BAN_8_June,BAN,0,1,0,0,0
Tanzim Hasan Sakib,SL_BAN_8_June,BAN,1,4,0,0,25
Michael Levitt,NED_RSA_8_June,NED,0,3,0,0,0
Max ODowd,NED_RSA_8_June,NED,2,6,0,0,33.33
Vikramjit Singh,NED_RSA_8_June,NED,12,17,1,0,70.59
Sybrand Engelbrecht,NED_RSA_8_June,NED,40,45,2,1,88.89
Bas de Leede,NED_RSA_8_June,NED,6,16,0,0,37.5
Edwards (c & wk),NED_RSA_8_June,NED,10,9,0,1,111.11
Teja Nidamanuru,NED_RSA_8_June,NED,0,1,0,0,0
van Beek,NED_RSA_8_June,NED,23,22,3,0,104.55
Tim Pringle,NED_RSA_8_June,NED,0,2,0,0,0
van Meekeren,NED_RSA_8_June,NED,1,1,0,0,100
Reeza Hendricks,NED_RSA_8_June,RSA,3,10,0,0,30
Quinton de Kock (wk),NED_RSA_8_June,RSA,0,0,0,0,0
Aiden Markram (c),NED_RSA_8_June,RSA,0,3,0,0,0
Tristan Stubbs,NED_RSA_8_June,RSA,33,37,1,1,89.19
Heinrich Klaasen,NED_RSA_8_June,RSA,4,7,0,0,57.14
David Miller,NED_RSA_8_June,RSA,59,51,3,4,115.69
Marco Jansen,NED_RSA_8_June,RSA,3,5,0,0,60
Keshav Maharaj,NED_RSA_8_June,RSA,0,1,0,0,0
Head,ENG_AUS_8_June,AUS,34,18,2,3,188.89
Warner,ENG_AUS_8_June,AUS,39,16,2,4,243.75
Mitchell Marsh (c),ENG_AUS_8_June,AUS,35,25,2,2,140
Maxwell,ENG_AUS_8_June,AUS,28,25,3,1,112
Stoinis,ENG_AUS_8_June,AUS,30,17,2,2,176.47
Tim David,ENG_AUS_8_June,AUS,11,8,0,1,137.5
Wade (wk),ENG_AUS_8_June,AUS,17,10,3,0,170
Cummins,ENG_AUS_8_June,AUS,0,1,0,0,0
Mitchell Starc,ENG_AUS_8_June,AUS,0,0,0,0,0
Philip Salt,ENG_AUS_8_June,ENG,37,23,4,2,160.87
Jos Buttler (c & wk),ENG_AUS_8_June,ENG,42,28,5,2,150
Will Jacks,ENG_AUS_8_June,ENG,10,10,1,0,100
Jonny Bairstow,ENG_AUS_8_June,ENG,7,13,0,0,53.85
Moeen Ali,ENG_AUS_8_June,ENG,25,15,0,3,166.67
Harry Brook,ENG_AUS_8_June,ENG,20,16,2,0,125
Liam Livingstone,ENG_AUS_8_June,ENG,15,12,0,1,125
Chris Jordan,ENG_AUS_8_June,ENG,1,3,0,0,33.33
Brandon King,UGA_WI_9_June,WI,13,8,2,0,162.5
J Charles,UGA_WI_9_June,WI,44,42,4,2,104.76
Pooran (wk),UGA_WI_9_June,WI,22,17,0,3,129.41
Rovman Powell (c),UGA_WI_9_June,WI,23,18,1,1,127.78
Sherfane Rutherford,UGA_WI_9_June,WI,22,16,2,1,137.5
Russell,UGA_WI_9_June,WI,30,17,6,0,176.47
Romario Shepherd,UGA_WI_9_June,WI,5,5,0,0,100
Roger Mukasa,UGA_WI_9_June,UGA,0,2,0,0,0
Simon Ssesazi (wk),UGA_WI_9_June,UGA,4,3,1,0,133.33
Robinson Obuya,UGA_WI_9_June,UGA,6,8,1,0,75
Alpesh Ramjani,UGA_WI_9_June,UGA,5,6,1,0,83.33
Kenneth Waiswa,UGA_WI_9_June,UGA,1,10,0,0,10
Riazat Ali Shah,UGA_WI_9_June,UGA,3,8,0,0,37.5
Dinesh Nakrani,UGA_WI_9_June,UGA,0,2,0,0,0
Brian Masaba (c),UGA_WI_9_June,UGA,1,4,0,0,25
Juma Miyagi,UGA_WI_9_June,UGA,13,20,0,0,65
Cosmas Kyewuta,UGA_WI_9_June,UGA,1,6,0,0,16.67
Frank Nsubuga,UGA_WI_9_June,UGA,0,3,0,0,0
Rohit (c),PAK_IND_9_June,IND,13,12,1,1,108.33
Kohli,PAK_IND_9_June,IND,4,3,1,0,133.33
Pant (wk),PAK_IND_9_June,IND,42,31,6,0,135.48
Axar,PAK_IND_9_June,IND,20,18,2,1,111.11
Suryakumar Yadav,PAK_IND_9_June,IND,7,8,1,0,87.5
Shivam Dube,PAK_IND_9_June,IND,3,9,0,0,33.33
Hardik Pandya,PAK_IND_9_June,IND,7,12,1,0,58.33
Ravindra Jadeja,PAK_IND_9_June,IND,0,1,0,0,0
Arshdeep Singh,PAK_IND_9_June,IND,9,13,1,0,69.23
Bumrah,PAK_IND_9_June,IND,0,1,0,0,0
Siraj,PAK_IND_9_June,IND,7,7,0,0,100
Mohammad Rizwan (wk),PAK_IND_9_June,PAK,31,44,1,1,70.45
Babar Azam (c),PAK_IND_9_June,PAK,13,10,2,0,130
Usman Khan,PAK_IND_9_June,PAK,13,15,1,0,86.67
Fakhar Zaman,PAK_IND_9_June,PAK,13,8,1,1,162.5
Imad Wasim,PAK_IND_9_June,PAK,15,23,1,0,65.22
Shadab Khan,PAK_IND_9_June,PAK,4,7,0,0,57.14
Iftikhar Ahmed,PAK_IND_9_June,PAK,5,9,0,0,55.56
Shaheen Afridi,PAK_IND_9_June,PAK,0,1,0,0,0
Naseem Shah,PAK_IND_9_June,PAK,10,4,2,0,250
Pratik Athavale (wk),OMAN_SCO_9_June,OMAN,54,40,5,2,135
Naseem Khushi,OMAN_SCO_9_June,OMAN,10,9,0,1,111.11
Aqib Ilyas (c),OMAN_SCO_9_June,OMAN,16,6,2,1,266.67
Zeeshan Maqsood,OMAN_SCO_9_June,OMAN,3,4,0,0,75
Khalid Kail,OMAN_SCO_9_June,OMAN,5,7,0,0,71.43
Ayaan Khan,OMAN_SCO_9_June,OMAN,41,39,4,0,105.13
Mehran Khan,OMAN_SCO_9_June,OMAN,13,10,2,0,130
Rafiullah,OMAN_SCO_9_June,OMAN,0,3,0,0,0
Shakeel Ahmed,OMAN_SCO_9_June,OMAN,3,2,0,0,150
George Munsey,OMAN_SCO_9_June,SCO,41,20,2,4,205
Michael Jones,OMAN_SCO_9_June,SCO,16,13,1,2,123.08
Brandon McMullen,OMAN_SCO_9_June,SCO,61,31,9,2,196.77
Richie Berrington (c),OMAN_SCO_9_June,SCO,13,7,1,1,185.71
Matthew Cross (wk),OMAN_SCO_9_June,SCO,15,8,0,2,187.5
de Kock (wk),BAN_RSA_10_June,RSA,18,11,1,2,163.64
Reeza Hendricks,BAN_RSA_10_June,RSA,0,1,0,0,0
Markram (c),BAN_RSA_10_June,RSA,4,8,1,0,50
Tristan Stubbs,BAN_RSA_10_June,RSA,0,5,0,0,0
Klaasen,BAN_RSA_10_June,RSA,46,44,2,3,104.55
David Miller,BAN_RSA_10_June,RSA,29,38,1,1,76.32
Marco Jansen,BAN_RSA_10_June,RSA,5,5,0,0,100
Maharaj,BAN_RSA_10_June,RSA,4,8,0,0,50
Tanzid Hasan,BAN_RSA_10_June,BAN,9,9,2,0,100
Najmul Hossain Shanto (c),BAN_RSA_10_June,BAN,14,23,0,1,60.87
Litton Das (wk),BAN_RSA_10_June,BAN,9,13,1,0,69.23
Shakib Al Hasan,BAN_RSA_10_June,BAN,3,4,0,0,75
Towhid Hridoy,BAN_RSA_10_June,BAN,37,34,2,2,108.82
Mahmudullah,BAN_RSA_10_June,BAN,20,27,2,0,74.07
Jaker Ali,BAN_RSA_10_June,BAN,8,9,0,0,88.89
Rishad Hossain,BAN_RSA_10_June,BAN,0,1,0,0,0
Taskin Ahmed,BAN_RSA_10_June,BAN,1,1,0,0,100
Aaron Johnson,CAN_PAK_11_June,CAN,52,44,4,4,118.18
Navneet Dhaliwal,CAN_PAK_11_June,CAN,4,7,1,0,57.14
Pargat Singh,CAN_PAK_11_June,CAN,2,6,0,0,33.33
Nicholas Kirton,CAN_PAK_11_June,CAN,1,6,0,0,16.67
Shreyas Movva (wk),CAN_PAK_11_June,CAN,2,9,0,0,22.22
Ravinderpal Singh,CAN_PAK_11_June,CAN,0,2,0,0,0
Saad Bin Zafar (c),CAN_PAK_11_June,CAN,10,21,1,0,47.62
Kaleem Sana,CAN_PAK_11_June,CAN,13,14,0,1,92.86
Dillon Heyliger,CAN_PAK_11_June,CAN,9,11,1,0,81.82
Mohammad Rizwan (wk),CAN_PAK_11_June,PAK,53,53,2,1,100
Saim Ayub,CAN_PAK_11_June,PAK,6,12,0,0,50
Babar Azam (c),CAN_PAK_11_June,PAK,33,33,1,1,100
Fakhar Zaman,CAN_PAK_11_June,PAK,4,6,0,0,66.67
Usman Khan,CAN_PAK_11_June,PAK,2,1,0,0,200
Michael van Lingen,NAM_AUS_12_June,NAM,10,10,2,0,100
Niko Davin,NAM_AUS_12_June,NAM,2,7,0,0,28.57
Jan Frylinck,NAM_AUS_12_June,NAM,1,6,0,0,16.67
Gerhard Erasmus (c),NAM_AUS_12_June,NAM,36,43,4,1,83.72
Smit,NAM_AUS_12_June,NAM,3,9,0,0,33.33
Zane Green (wk),NAM_AUS_12_June,NAM,1,4,0,0,25
Wiese,NAM_AUS_12_June,NAM,1,7,0,0,14.29
Trumpelmann,NAM_AUS_12_June,NAM,7,7,0,1,100
Bernard Scholtz,NAM_AUS_12_June,NAM,0,2,0,0,0
Jack Brassell,NAM_AUS_12_June,NAM,2,3,0,0,66.67
Ben Shikongo,NAM_AUS_12_June,NAM,0,4,0,0,0
David Warner,NAM_AUS_12_June,AUS,20,8,3,1,250
Travis Head,NAM_AUS_12_June,AUS,34,17,5,2,200
Mitchell Marsh (c),NAM_AUS_12_June,AUS,18,9,3,1,200
Shayan Jahangir,USA_IND_12_June,USA,0,1,0,0,0
Steven Taylor,USA_IND_12_June,USA,24,30,0,2,80
Andries Gous (wk),USA_IND_12_June,USA,2,5,0,0,40
Aaron Jones (c),USA_IND_12_June,USA,11,22,0,1,50
NR Kumar,USA_IND_12_June,USA,27,23,2,1,117.39
CJ Anderson,USA_IND_12_June,USA,15,12,1,1,125
Harmeet Singh,USA_IND_12_June,USA,10,10,0,1,100
van Schalkwyk,USA_IND_12_June,USA,11,10,1,0,110
Jasdeep Singh,USA_IND_12_June,USA,2,7,0,0,28.57
Rohit Sharma (c),USA_IND_12_June,IND,3,6,0,0,50
Virat Kohli,USA_IND_12_June,IND,0,1,0,0,0
Rishabh Pant (wk),USA_IND_12_June,IND,18,20,1,1,90
Suryakumar Yadav,USA_IND_12_June,IND,50,49,2,2,102.04
Shivam Dube,USA_IND_12_June,IND,31,35,1,1,88.57
Brandon King,NZ_WI_13_June,WI,9,12,0,1,75
J Charles,NZ_WI_13_June,WI,0,5,0,0,0
Pooran (wk),NZ_WI_13_June,WI,17,12,3,0,141.67
Roston Chase,NZ_WI_13_June,WI,0,3,0,0,0
Rovman Powell (c),NZ_WI_13_June,WI,1,5,0,0,20
Sherfane Rutherford,NZ_WI_13_June,WI,68,39,2,6,174.36
Akeal Hosein,NZ_WI_13_June,WI,15,17,0,1,88.24
Russell,NZ_WI_13_June,WI,14,7,2,1,200
Romario Shepherd,NZ_WI_13_June,WI,13,13,0,1,100
Alzarri Joseph,NZ_WI_13_June,WI,6,6,1,0,100
Motie,NZ_WI_13_June,WI,0,1,0,0,0
Devon Conway (wk),NZ_WI_13_June,NZ,5,8,0,0,62.5
Finn Allen,NZ_WI_13_June,NZ,26,23,3,1,113.04
Rachin Ravindra,NZ_WI_13_June,NZ,10,13,0,0,76.92
Kane Williamson (c),NZ_WI_13_June,NZ,1,2,0,0,50
Daryl Mitchell,NZ_WI_13_June,NZ,12,13,1,0,92.31
Glenn Phillips,NZ_WI_13_June,NZ,40,33,3,2,121.21
James Neesham,NZ_WI_13_June,NZ,10,11,0,1,90.91
Mitchell Santner,NZ_WI_13_June,NZ,21,12,0,3,175
Tim Southee,NZ_WI_13_June,NZ,0,1,0,0,0
Trent Boult,NZ_WI_13_June,NZ,7,4,0,1,175
Lockie Ferguson,NZ_WI_13_June,NZ,0,0,0,0,0
Tanzid Hasan,NED_BAN_13_June,BAN,35,26,5,1,134.62
Shanto (c),NED_BAN_13_June,BAN,1,3,0,0,33.33
Litton Das (wk),NED_BAN_13_June,BAN,1,2,0,0,50
Shakib,NED_BAN_13_June,BAN,64,46,9,0,139.13
Towhid Hridoy,NED_BAN_13_June,BAN,9,15,0,0,60
Mahmudullah,NED_BAN_13_June,BAN,25,21,2,2,119.05
Jaker Ali,NED_BAN_13_June,BAN,14,7,3,0,200
Michael Levitt,NED_BAN_13_June,NED,18,16,2,1,112.5
Max ODowd,NED_BAN_13_June,NED,12,16,3,0,75
Vikramjit Singh,NED_BAN_13_June,NED,26,16,0,3,162.5
Sybrand Engelbrecht,NED_BAN_13_June,NED,33,22,3,1,150
Scott Edwards (c & wk),NED_BAN_13_June,NED,25,23,3,0,108.7
Bas de Leede,NED_BAN_13_June,NED,0,2,0,0,0
Logan van Beek,NED_BAN_13_June,NED,2,3,0,0,66.67
Tim Pringle,NED_BAN_13_June,NED,1,10,0,0,10
Aryan Dutt,NED_BAN_13_June,NED,15,12,1,1,125
Pratik Athavale (wk),OMAN_ENG_14_June,OMAN,5,3,1,0,166.67
Kashyap,OMAN_ENG_14_June,OMAN,9,16,0,1,56.25
Aqib Ilyas (c),OMAN_ENG_14_June,OMAN,8,10,1,0,80
Zeeshan Maqsood,OMAN_ENG_14_June,OMAN,1,5,0,0,20
Khalid Kail,OMAN_ENG_14_June,OMAN,1,3,0,0,33.33
Ayaan Khan,OMAN_ENG_14_June,OMAN,1,5,0,0,20
Shoaib Khan,OMAN_ENG_14_June,OMAN,11,23,1,0,47.83
Mehran Khan,OMAN_ENG_14_June,OMAN,0,2,0,0,0
Fayyaz Butt,OMAN_ENG_14_June,OMAN,2,7,0,0,28.57
Kaleemullah,OMAN_ENG_14_June,OMAN,5,5,1,0,100
Bilal Khan,OMAN_ENG_14_June,OMAN,0,1,0,0,0
Philip Salt,OMAN_ENG_14_June,ENG,12,3,0,2,400
Jos Buttler (c & wk),OMAN_ENG_14_June,ENG,24,8,4,1,300
Will Jacks,OMAN_ENG_14_June,ENG,5,7,1,0,71.43
Jonny Bairstow,OMAN_ENG_14_June,ENG,8,2,2,0,400
Tony Ura,PNG_AFG_14_June,PNG,11,18,1,0,61.11
Assad Vala (c),PNG_AFG_14_June,PNG,3,2,0,0,150
Lega Siaka,PNG_AFG_14_June,PNG,0,1,0,0,0
Sese Bau,PNG_AFG_14_June,PNG,0,1,0,0,0
Hiri Hiri,PNG_AFG_14_June,PNG,1,3,0,0,33.33
Chad Soper,PNG_AFG_14_June,PNG,9,26,0,0,34.62
Kiplin Doriga (wk),PNG_AFG_14_June,PNG,27,32,2,0,84.38
Norman Vanua,PNG_AFG_14_June,PNG,0,7,0,0,0
Alei Nao,PNG_AFG_14_June,PNG,13,19,2,0,68.42
John Kariko,PNG_AFG_14_June,PNG,4,7,1,0,57.14
Semo Kamea,PNG_AFG_14_June,PNG,2,3,0,0,66.67
Rahmanullah Gurbaz (wk),PNG_AFG_14_June,AFG,11,7,1,1,157.14
Ibrahim Zadran,PNG_AFG_14_June,AFG,0,7,0,0,0
Gulbadin Naib,PNG_AFG_14_June,AFG,49,36,4,2,136.11
Azmatullah Omarzai,PNG_AFG_14_June,AFG,13,18,1,0,72.22
Mohammad Nabi,PNG_AFG_14_June,AFG,16,23,1,0,69.57
Reeza Hendricks,NEP_RSA_15_June,RSA,43,49,5,1,87.76
de Kock (wk),NEP_RSA_15_June,RSA,10,11,1,0,90.91
Markram (c),NEP_RSA_15_June,RSA,15,22,2,0,68.18
Klaasen,NEP_RSA_15_June,RSA,3,5,0,0,60
David Miller,NEP_RSA_15_June,RSA,7,10,0,0,70
Tristan Stubbs,NEP_RSA_15_June,RSA,27,18,2,1,150
Marco Jansen,NEP_RSA_15_June,RSA,1,4,0,0,25
Rabada,NEP_RSA_15_June,RSA,0,1,0,0,0
Kushal Bhurtel,NEP_RSA_15_June,NEP,13,21,1,1,61.9
Aasif Sheikh (wk),NEP_RSA_15_June,NEP,42,49,4,1,85.71
Rohit Paudel (c),NEP_RSA_15_June,NEP,0,2,0,0,0
Anil Sah,NEP_RSA_15_June,NEP,27,24,3,1,112.5
Dipendra Singh Airee,NEP_RSA_15_June,NEP,6,11,0,0,54.55
Kushal Malla,NEP_RSA_15_June,NEP,1,3,0,0,33.33
Gulsan Jha,NEP_RSA_15_June,NEP,6,6,1,0,100
Sompal Kami,NEP_RSA_15_June,NEP,8,4,0,1,200
Ronak Patel,UGA_NZ_15_June,UGA,2,20,0,0,10
Simon Ssesazi,UGA_NZ_15_June,UGA,0,1,0,0,0
Robinson Obuya,UGA_NZ_15_June,UGA,0,1,0,0,0
Alpesh Ramjani,UGA_NZ_15_June,UGA,0,6,0,0,0
K Waiswa,UGA_NZ_15_June,UGA,11,18,2,0,61.11
Riazat Ali Shah,UGA_NZ_15_June,UGA,2,13,0,0,15.38
Dinesh Nakrani,UGA_NZ_15_June,UGA,4,13,0,0,30.77
Masaba (c),UGA_NZ_15_June,UGA,3,20,0,0,15
Achelam (wk),UGA_NZ_15_June,UGA,9,13,1,0,69.23
Juma Miyagi,UGA_NZ_15_June,UGA,0,1,0,0,0
Cosmas Kyewuta,UGA_NZ_15_June,UGA,1,6,0,0,16.67
Finn Allen,UGA_NZ_15_June,NZ,9,17,1,0,52.94
Devon Conway (wk),UGA_NZ_15_June,NZ,22,15,4,0,146.67
Rachin Ravindra,UGA_NZ_15_June,NZ,1,1,0,0,100
Salt,NAM_ENG_15_June,ENG,11,8,2,0,137.5
Jos Buttler (c & wk),NAM_ENG_15_June,ENG,0,4,0,0,0
Bairstow,NAM_ENG_15_June,ENG,31,18,3,2,172.22
Harry Brook,NAM_ENG_15_June,ENG,47,20,4,2,235
Moeen,NAM_ENG_15_June,ENG,16,6,0,2,266.67
Livingstone,NAM_ENG_15_June,ENG,13,4,0,2,325
Michael van Lingen,NAM_ENG_15_June,NAM,33,29,1,3,113.79
Nikolaas Davin,NAM_ENG_15_June,NAM,18,16,1,1,112.5
David Wiese,NAM_ENG_15_June,NAM,27,12,2,2,225
Gerhard Erasmus (c),NAM_ENG_15_June,NAM,1,3,0,0,33.33
JJ Smit,NAM_ENG_15_June,NAM,0,1,0,0,0
Munsey,SCO_AUS_16_June,SCO,35,23,2,3,152.17
Michael Jones,SCO_AUS_16_June,SCO,2,3,0,0,66.67
Brandon McMullen,SCO_AUS_16_June,SCO,60,34,2,6,176.47
Berrington (c),SCO_AUS_16_June,SCO,42,31,1,2,135.48
Matthew Cross (wk),SCO_AUS_16_June,SCO,18,11,1,1,163.64
Michael Leask,SCO_AUS_16_June,SCO,5,8,0,0,62.5
Chris Greaves,SCO_AUS_16_June,SCO,9,10,0,0,90
Travis Head,SCO_AUS_16_June,AUS,68,49,5,4,138.78
David Warner,SCO_AUS_16_June,AUS,1,4,0,0,25
Mitchell Marsh (c),SCO_AUS_16_June,AUS,8,9,1,0,88.89
Glenn Maxwell,SCO_AUS_16_June,AUS,11,8,0,1,137.5
Marcus Stoinis,SCO_AUS_16_June,AUS,59,29,9,2,203.45
Tim David,SCO_AUS_16_June,AUS,24,14,2,1,171.43
Matthew Wade (wk),SCO_AUS_16_June,AUS,4,5,0,0,80
Balbirnie,IRE_PAK_16_June,IRE,0,3,0,0,0
Stirling (c),IRE_PAK_16_June,IRE,1,2,0,0,50
Lorcan Tucker (wk),IRE_PAK_16_June,IRE,2,2,0,0,100
Harry Tector,IRE_PAK_16_June,IRE,0,6,0,0,0
Curtis Campher,IRE_PAK_16_June,IRE,7,14,1,0,50
Dockrell,IRE_PAK_16_June,IRE,11,10,2,0,110
Delany,IRE_PAK_16_June,IRE,31,19,1,3,163.16
Mark Adair,IRE_PAK_16_June,IRE,15,19,2,0,78.95
Barry McCarthy,IRE_PAK_16_June,IRE,2,7,0,0,28.57
Joshua Little,IRE_PAK_16_June,IRE,22,18,2,1,122.22
Benjamin White,IRE_PAK_16_June,IRE,5,20,0,0,25
Mohammad Rizwan (wk),IRE_PAK_16_June,PAK,17,16,3,0,106.25
Saim Ayub,IRE_PAK_16_June,PAK,17,17,2,1,100
Babar Azam (c),IRE_PAK_16_June,PAK,32,34,2,0,94.12
Fakhar Zaman,IRE_PAK_16_June,PAK,5,9,0,0,55.56
Usman Khan,IRE_PAK_16_June,PAK,2,3,0,0,66.67
Shadab Khan,IRE_PAK_16_June,PAK,0,2,0,0,0
Imad Wasim,IRE_PAK_16_June,PAK,4,6,1,0,66.67
Abbas Afridi,IRE_PAK_16_June,PAK,17,21,1,1,80.95
Shaheen Afridi,IRE_PAK_16_June,PAK,13,5,0,2,260
Tanzid Hasan,NEP_BAN_17_June,BAN,0,1,0,0,0
Litton Das (wk),NEP_BAN_17_June,BAN,10,12,1,0,83.33
Shanto (c),NEP_BAN_17_June,BAN,4,5,0,0,80
Shakib,NEP_BAN_17_June,BAN,17,22,2,0,77.27
Towhid Hridoy,NEP_BAN_17_June,BAN,9,7,2,0,128.57
Mahmudullah,NEP_BAN_17_June,BAN,13,13,2,0,100
Jaker Ali,NEP_BAN_17_June,BAN,12,26,0,0,46.15
Tanzim Hasan Sakib,NEP_BAN_17_June,BAN,3,5,0,0,60
Rishad Hossain,NEP_BAN_17_June,BAN,13,7,1,1,185.71
Taskin Ahmed,NEP_BAN_17_June,BAN,12,15,2,0,80
Mustafizur,NEP_BAN_17_June,BAN,3,4,0,0,75
Kushal Bhurtel,NEP_BAN_17_June,NEP,4,8,1,0,50
Aasif Sheikh (wk),NEP_BAN_17_June,NEP,17,14,4,0,121.43
Anil Sah,NEP_BAN_17_June,NEP,0,2,0,0,0
Rohit Paudel (c),NEP_BAN_17_June,NEP,1,6,0,0,16.67
Sundeep Jora,NEP_BAN_17_June,NEP,1,8,0,0,12.5
Kushal Malla,NEP_BAN_17_June,NEP,27,40,1,1,67.5
Dipendra Singh Airee,NEP_BAN_17_June,NEP,25,31,2,1,80.65
Gulsan Jha,NEP_BAN_17_June,NEP,0,4,0,0,0
Sompal Kami,NEP_BAN_17_June,NEP,0,2,0,0,0
Sandeep Lamichhane,NEP_BAN_17_June,NEP,0,0,0,0,0
Abinash Bohara,NEP_BAN_17_June,NEP,0,1,0,0,0
Pathum Nissanka,NED_SL_17_June,SL,0,2,0,0,0
Kusal Mendis (wk),NED_SL_17_June,SL,46,29,5,0,158.62
Kamindu Mendis,NED_SL_17_June,SL,17,20,1,1,85
Dhananjaya de Silva,NED_SL_17_June,SL,34,26,3,1,130.77
Asalanka,NED_SL_17_June,SL,46,21,1,5,219.05
Mathews,NED_SL_17_June,SL,30,15,1,2,200
Shanaka,NED_SL_17_June,SL,0,1,0,0,0
W Hasaranga (c),NED_SL_17_June,SL,20,6,1,2,333.33
Michael Levitt,NED_SL_17_June,NED,31,23,2,3,134.78
Max ODowd,NED_SL_17_June,NED,11,8,0,1,137.5
Vikramjit Singh,NED_SL_17_June,NED,7,10,0,0,70
Sybrand Engelbrecht,NED_SL_17_June,NED,11,9,0,1,122.22
Scott Edwards (c & wk),NED_SL_17_June,NED,31,24,2,1,129.17
Bas de Leede,NED_SL_17_June,NED,3,5,0,0,60
Logan van Beek,NED_SL_17_June,NED,0,1,0,0,0
Tim Pringle,NED_SL_17_June,NED,2,4,0,0,50
Aryan Dutt,NED_SL_17_June,NED,10,8,1,0,125
Paul van Meekeren,NED_SL_17_June,NED,3,8,0,0,37.5
Vivian Kingma,NED_SL_17_June,NED,1,1,0,0,100
Tony Ura,PNG_NZ_17_June,PNG,1,2,0,0,50
Assad Vala (c),PNG_NZ_17_June,PNG,6,16,1,0,37.5
Charles Amini,PNG_NZ_17_June,PNG,17,25,2,0,68
Sese Bau,PNG_NZ_17_June,PNG,12,27,1,0,44.44
Hiri Hiri,PNG_NZ_17_June,PNG,7,11,1,0,63.64
Chad Soper,PNG_NZ_17_June,PNG,1,6,0,0,16.67
Kiplin Doriga (wk),PNG_NZ_17_June,PNG,5,7,1,0,71.43
Norman Vanua,PNG_NZ_17_June,PNG,14,13,1,1,107.69
Alei Nao,PNG_NZ_17_June,PNG,3,7,0,0,42.86
Kabua Morea,PNG_NZ_17_June,PNG,0,3,0,0,0
Semo Kamea,PNG_NZ_17_June,PNG,1,1,0,0,100
Finn Allen,PNG_NZ_17_June,NZ,0,2,0,0,0
Devon Conway (wk),PNG_NZ_17_June,NZ,35,32,2,3,109.38
Rachin Ravindra,PNG_NZ_17_June,NZ,6,11,0,0,54.55
Kane Williamson (c),PNG_NZ_17_June,NZ,18,17,2,0,105.88
Daryl Mitchell,PNG_NZ_17_June,NZ,19,12,3,0,158.33
Brandon King,AFG_WI_18_June,WI,7,6,1,0,116.67
J Charles,AFG_WI_18_June,WI,43,27,8,0,159.26
Pooran (wk),AFG_WI_18_June,WI,98,53,6,8,184.91
Shai Hope,AFG_WI_18_June,WI,25,17,0,2,147.06
Rovman Powell (c),AFG_WI_18_June,WI,26,15,1,2,173.33
Russell,AFG_WI_18_June,WI,3,3,0,0,100
Sherfane Rutherford,AFG_WI_18_June,WI,1,1,0,0,100
Rahmanullah Gurbaz (wk),AFG_WI_18_June,AFG,0,3,0,0,0
Ibrahim Zadran,AFG_WI_18_June,AFG,38,28,5,1,135.71
Gulbadin Naib,AFG_WI_18_June,AFG,7,10,1,0,70
Azmatullah Omarzai,AFG_WI_18_June,AFG,23,19,1,1,121.05
Najibullah Zadran,AFG_WI_18_June,AFG,0,2,0,0,0
Mohammad Nabi,AFG_WI_18_June,AFG,1,4,0,0,25
Karim Janat,AFG_WI_18_June,AFG,14,9,0,1,155.56
Rashid Khan (c),AFG_WI_18_June,AFG,18,11,2,1,163.64
Noor Ahmad,AFG_WI_18_June,AFG,2,4,0,0,50
Naveen-ul-Haq,AFG_WI_18_June,AFG,4,6,1,0,66.67
Fazalhaq Farooqi,AFG_WI_18_June,AFG,0,2,0,0,0
de Kock (wk),USA_RSA_19_June,RSA,74,40,7,5,185
Reeza Hendricks,USA_RSA_19_June,RSA,11,11,0,1,100
Markram (c),USA_RSA_19_June,RSA,46,32,4,1,143.75
David Miller,USA_RSA_19_June,RSA,0,1,0,0,0
Klaasen,USA_RSA_19_June,RSA,36,22,0,3,163.64
Tristan Stubbs,USA_RSA_19_June,RSA,20,16,2,0,125
Steven Taylor,USA_RSA_19_June,USA,24,14,4,1,171.43
Andries Gous (wk),USA_RSA_19_June,USA,80,47,5,5,170.21
Nitish Kumar,USA_RSA_19_June,USA,8,6,0,1,133.33
Aaron Jones (c),USA_RSA_19_June,USA,0,5,0,0,0
Corey Anderson,USA_RSA_19_June,USA,12,12,0,1,100
Shayan Jahangir,USA_RSA_19_June,USA,3,9,0,0,33.33
Harmeet Singh,USA_RSA_19_June,USA,38,22,2,3,172.73
Jasdeep Singh,USA_RSA_19_June,USA,2,6,0,0,33.33
Brandon King,WI_ENG_20_June,WI,23,13,3,1,176.92
J Charles,WI_ENG_20_June,WI,38,34,4,1,111.76
Pooran (wk),WI_ENG_20_June,WI,36,32,4,1,112.5
Rovman Powell (c),WI_ENG_20_June,WI,36,17,0,5,211.76
Russell,WI_ENG_20_June,WI,1,2,0,0,50
Sherfane Rutherford,WI_ENG_20_June,WI,28,15,1,2,186.67
Romario Shepherd,WI_ENG_20_June,WI,5,7,1,0,71.43
Philip Salt,WI_ENG_20_June,ENG,87,47,7,5,185.11
Jos Buttler (c & wk),WI_ENG_20_June,ENG,25,22,2,0,113.64
Moeen Ali,WI_ENG_20_June,ENG,13,10,2,0,130
Jonny Bairstow,WI_ENG_20_June,ENG,48,26,5,2,184.62
Rohit (c),AFG_IND_20_June,IND,8,13,1,0,61.54
Kohli,AFG_IND_20_June,IND,24,24,0,1,100
Pant (wk),AFG_IND_20_June,IND,20,11,4,0,181.82
Suryakumar Yadav,AFG_IND_20_June,IND,53,28,5,3,189.29
Shivam Dube,AFG_IND_20_June,IND,10,7,0,1,142.86
Hardik Pandya,AFG_IND_20_June,IND,32,24,3,2,133.33
Ravindra Jadeja,AFG_IND_20_June,IND,7,5,1,0,140
Axar,AFG_IND_20_June,IND,12,6,2,0,200
Arshdeep Singh,AFG_IND_20_June,IND,2,2,0,0,100
Rahmanullah Gurbaz (wk),AFG_IND_20_June,AFG,11,8,1,1,137.5
Hazratullah Zazai,AFG_IND_20_June,AFG,2,4,0,0,50
Ibrahim Zadran,AFG_IND_20_June,AFG,8,11,1,0,72.73
Gulbadin Naib,AFG_IND_20_June,AFG,17,21,1,1,80.95
Azmatullah Omarzai,AFG_IND_20_June,AFG,26,20,2,1,130
Najibullah Zadran,AFG_IND_20_June,AFG,19,17,0,2,111.76
Mohammad Nabi,AFG_IND_20_June,AFG,14,14,0,1,100
Rashid Khan (c),AFG_IND_20_June,AFG,2,6,0,0,33.33
Noor Ahmad,AFG_IND_20_June,AFG,12,18,1,1,66.67
Naveen-ul-Haq,AFG_IND_20_June,AFG,0,1,0,0,0
Fazalhaq Farooqi,AFG_IND_20_June,AFG,4,1,1,0,400
Tanzid Hasan,BAN_AUS_21_June,BAN,0,3,0,0,0
Litton Das (wk),BAN_AUS_21_June,BAN,16,25,2,0,64
Shanto (c),BAN_AUS_21_June,BAN,41,36,5,1,113.89
Rishad Hossain,BAN_AUS_21_June,BAN,2,4,0,0,50
Towhid Hridoy,BAN_AUS_21_June,BAN,40,28,2,2,142.86
Shakib,BAN_AUS_21_June,BAN,8,10,0,0,80
Mahmudullah,BAN_AUS_21_June,BAN,2,3,0,0,66.67
Mahedi Hasan,BAN_AUS_21_June,BAN,0,1,0,0,0
Taskin Ahmed,BAN_AUS_21_June,BAN,13,7,1,0,185.71
Tanzim Hasan Sakib,BAN_AUS_21_June,BAN,4,3,0,0,133.33
David Warner,BAN_AUS_21_June,AUS,53,35,5,3,151.43
Travis Head,BAN_AUS_21_June,AUS,31,21,3,2,147.62
Mitchell Marsh (c),BAN_AUS_21_June,AUS,1,6,0,0,16.67
Glenn Maxwell,BAN_AUS_21_June,AUS,14,6,1,1,233.33
Reeza Hendricks,ENG_RSA_21_June,RSA,19,25,1,0,76
de Kock (wk),ENG_RSA_21_June,RSA,65,38,4,4,171.05
Klaasen,ENG_RSA_21_June,RSA,8,13,1,0,61.54
David Miller,ENG_RSA_21_June,RSA,43,28,4,2,153.57
Markram (c),ENG_RSA_21_June,RSA,1,2,0,0,50
Tristan Stubbs,ENG_RSA_21_June,RSA,12,11,1,0,109.09
Marco Jansen,ENG_RSA_21_June,RSA,0,1,0,0,0
Maharaj,ENG_RSA_21_June,RSA,5,2,1,0,250
Philip Salt,ENG_RSA_21_June,ENG,11,8,1,1,137.5
Jos Buttler (c & wk),ENG_RSA_21_June,ENG,17,20,1,0,85
Jonny Bairstow,ENG_RSA_21_June,ENG,16,20,1,0,80
Moeen Ali,ENG_RSA_21_June,ENG,9,10,0,0,90
Harry Brook,ENG_RSA_21_June,ENG,53,37,7,0,143.24
Liam Livingstone,ENG_RSA_21_June,ENG,33,17,3,2,194.12
Sam Curran,ENG_RSA_21_June,ENG,10,7,1,0,142.86
Jofra Archer,ENG_RSA_21_June,ENG,1,2,0,0,50
Steven Taylor,USA_WI_22_June,USA,2,7,0,0,28.57
Andries Gous (wk),USA_WI_22_June,USA,29,16,3,1,181.25
NR Kumar,USA_WI_22_June,USA,20,19,2,0,105.26
Aaron Jones (c),USA_WI_22_June,USA,11,11,0,1,100
CJ Anderson,USA_WI_22_June,USA,7,15,0,0,46.67
Milind Kumar,USA_WI_22_June,USA,19,21,1,0,90.48
Harmeet Singh,USA_WI_22_June,USA,0,1,0,0,0
van Schalkwyk,USA_WI_22_June,USA,18,17,3,0,105.88
Nosthush Kenjige,USA_WI_22_June,USA,1,3,0,0,33.33
Ali Khan,USA_WI_22_June,USA,14,6,1,1,233.33
Netravalkar,USA_WI_22_June,USA,0,4,0,0,0
Shai Hope,USA_WI_22_June,WI,82,39,4,8,210.26
Johnson Charles,USA_WI_22_June,WI,15,14,2,0,107.14
Nicholas Pooran (wk),USA_WI_22_June,WI,27,12,1,3,225
Rohit (c),BAN_IND_22_June,IND,23,11,3,1,209.09
Kohli,BAN_IND_22_June,IND,37,28,1,3,132.14
Pant (wk),BAN_IND_22_June,IND,36,24,4,2,150
Suryakumar Yadav,BAN_IND_22_June,IND,6,2,0,1,300
Shivam Dube,BAN_IND_22_June,IND,34,24,0,3,141.67
Hardik Pandya,BAN_IND_22_June,IND,50,27,4,3,185.19
Axar,BAN_IND_22_June,IND,3,5,0,0,60
Litton Das (wk),BAN_IND_22_June,BAN,13,10,1,1,130
Tanzid Hasan,BAN_IND_22_June,BAN,29,31,4,0,93.55
Najmul Hossain Shanto (c),BAN_IND_22_June,BAN,40,32,1,3,125
Towhid Hridoy,BAN_IND_22_June,BAN,4,6,0,0,66.67
Shakib Al Hasan,BAN_IND_22_June,BAN,11,7,1,1,157.14
Mahmudullah,BAN_IND_22_June,BAN,13,15,1,0,86.67
Jaker Ali,BAN_IND_22_June,BAN,1,4,0,0,25
Rishad Hossain,BAN_IND_22_June,BAN,24,10,1,3,240
Mahedi Hasan,BAN_IND_22_June,BAN,5,4,1,0,125
Tanzim Hasan Sakib,BAN_IND_22_June,BAN,1,1,0,0,100
Gurbaz (wk),AUS_AFG_23_June,AFG,60,49,4,4,122.45
Ibrahim Zadran,AUS_AFG_23_June,AFG,51,48,6,0,106.25
Azmatullah,AUS_AFG_23_June,AFG,2,3,0,0,66.67
Karim Janat,AUS_AFG_23_June,AFG,13,9,0,1,144.44
Rashid Khan (c),AUS_AFG_23_June,AFG,2,5,0,0,40
Nabi,AUS_AFG_23_June,AFG,10,4,2,0,250
Gulbadin,AUS_AFG_23_June,AFG,0,1,0,0,0
Nangeyalia Kharote,AUS_AFG_23_June,AFG,1,1,0,0,100
Travis Head,AUS_AFG_23_June,AUS,0,3,0,0,0
David Warner,AUS_AFG_23_June,AUS,3,8,0,0,37.5
Mitchell Marsh (c),AUS_AFG_23_June,AUS,12,9,2,0,133.33
Glenn Maxwell,AUS_AFG_23_June,AUS,59,41,6,3,143.9
Marcus Stoinis,AUS_AFG_23_June,AUS,11,17,1,0,64.71
Tim David,AUS_AFG_23_June,AUS,2,4,0,0,50
Matthew Wade (wk),AUS_AFG_23_June,AUS,5,7,0,0,71.43
Pat Cummins,AUS_AFG_23_June,AUS,3,9,0,0,33.33
Ashton Agar,AUS_AFG_23_June,AUS,2,5,0,0,40
Adam Zampa,AUS_AFG_23_June,AUS,9,7,1,0,128.57
Josh Hazlewood,AUS_AFG_23_June,AUS,5,7,0,0,71.43
Steven Taylor,USA_ENG_23_June,USA,12,13,2,0,92.31
Andries Gous (wk),USA_ENG_23_June,USA,8,5,0,1,160
NR Kumar,USA_ENG_23_June,USA,30,24,1,2,125
Aaron Jones (c),USA_ENG_23_June,USA,10,16,2,0,62.5
CJ Anderson,USA_ENG_23_June,USA,29,28,0,1,103.57
Milind Kumar,USA_ENG_23_June,USA,4,6,0,0,66.67
Harmeet Singh,USA_ENG_23_June,USA,21,17,2,1,123.53
van Schalkwyk,USA_ENG_23_June,USA,0,0,0,0,0
Ali Khan,USA_ENG_23_June,USA,0,2,0,0,0
Nosthush Kenjige,USA_ENG_23_June,USA,0,1,0,0,0
Netravalkar,USA_ENG_23_June,USA,0,1,0,0,0
Philip Salt,USA_ENG_23_June,ENG,25,21,2,0,119.05
Jos Buttler (c & wk),USA_ENG_23_June,ENG,83,38,6,7,218.42
K Mayers,WI_RSA_24_June,WI,35,34,3,2,102.94
Shai Hope,WI_RSA_24_June,WI,0,1,0,0,0
Pooran (wk),WI_RSA_24_June,WI,1,3,0,0,33.33
Roston Chase,WI_RSA_24_June,WI,52,42,3,2,123.81
Rovman Powell (c),WI_RSA_24_June,WI,1,2,0,0,50
Sherfane Rutherford,WI_RSA_24_June,WI,0,4,0,0,0
Russell,WI_RSA_24_June,WI,15,9,0,2,166.67
Akeal Hosein,WI_RSA_24_June,WI,6,11,1,0,54.55
Alzarri Joseph,WI_RSA_24_June,WI,11,7,0,1,157.14
Motie,WI_RSA_24_June,WI,4,7,1,0,57.14
Quinton de Kock (wk),WI_RSA_24_June,RSA,12,7,3,0,171.43
Reeza Hendricks,WI_RSA_24_June,RSA,0,1,0,0,0
Aiden Markram (c),WI_RSA_24_June,RSA,18,15,2,0,120
Tristan Stubbs,WI_RSA_24_June,RSA,29,27,4,0,107.41
Heinrich Klaasen,WI_RSA_24_June,RSA,22,10,3,1,220
David Miller,WI_RSA_24_June,RSA,4,14,0,0,28.57
Marco Jansen,WI_RSA_24_June,RSA,21,14,1,1,150
Keshav Maharaj,WI_RSA_24_June,RSA,2,6,0,0,33.33
Kagiso Rabada,WI_RSA_24_June,RSA,5,3,1,0,166.67
Rohit (c),AUS_IND_24_June,IND,92,41,7,8,224.39
Kohli,AUS_IND_24_June,IND,0,5,0,0,0
Pant (wk),AUS_IND_24_June,IND,15,14,1,1,107.14
Suryakumar Yadav,AUS_IND_24_June,IND,31,16,3,2,193.75
Shivam Dube,AUS_IND_24_June,IND,28,22,2,1,127.27
Hardik Pandya,AUS_IND_24_June,IND,27,17,1,2,158.82
Ravindra Jadeja,AUS_IND_24_June,IND,9,5,0,1,180
David Warner,AUS_IND_24_June,AUS,6,6,1,0,100
Travis Head,AUS_IND_24_June,AUS,76,43,9,4,176.74
Mitchell Marsh (c),AUS_IND_24_June,AUS,37,28,3,2,132.14
Glenn Maxwell,AUS_IND_24_June,AUS,20,12,2,1,166.67
Marcus Stoinis,AUS_IND_24_June,AUS,2,4,0,0,50
Tim David,AUS_IND_24_June,AUS,15,11,1,1,136.36
Matthew Wade (wk),AUS_IND_24_June,AUS,1,2,0,0,50
Pat Cummins,AUS_IND_24_June,AUS,11,7,0,1,157.14
Mitchell Starc,AUS_IND_24_June,AUS,4,7,0,0,57.14
Gurbaz (wk),BAN_AFG_25_June,AFG,43,55,3,1,78.18
Ibrahim Zadran,BAN_AFG_25_June,AFG,18,29,1,0,62.07
Azmatullah,BAN_AFG_25_June,AFG,10,12,0,0,83.33
Gulbadin,BAN_AFG_25_June,AFG,4,3,1,0,133.33
Nabi,BAN_AFG_25_June,AFG,1,5,0,0,20
Karim Janat,BAN_AFG_25_June,AFG,7,6,1,0,116.67
Rashid Khan (c),BAN_AFG_25_June,AFG,19,10,0,3,190
Litton Das (wk),BAN_AFG_25_June,BAN,54,49,5,1,110.2
Tanzid Hasan,BAN_AFG_25_June,BAN,0,3,0,0,0
Najmul Hossain Shanto (c),BAN_AFG_25_June,BAN,5,5,1,0,100
Shakib Al Hasan,BAN_AFG_25_June,BAN,0,1,0,0,0
Soumya Sarkar,BAN_AFG_25_June,BAN,10,10,1,0,100
Towhid Hridoy,BAN_AFG_25_June,BAN,14,9,2,0,155.56
Mahmudullah,BAN_AFG_25_June,BAN,6,9,1,0,66.67
Rishad Hossain,BAN_AFG_25_June,BAN,0,1,0,0,0
Tanzim Hasan Sakib,BAN_AFG_25_June,BAN,3,10,0,0,30
Taskin Ahmed,BAN_AFG_25_June,BAN,2,9,0,0,22.22
Mustafizur Rahman,BAN_AFG_25_June,BAN,0,1,0,0,0
Gurbaz (wk),AFG_RSA_27_June,AFG,0,3,0,0,0
Ibrahim Zadran,AFG_RSA_27_June,AFG,2,5,0,0,40
Gulbadin,AFG_RSA_27_June,AFG,9,8,2,0,112.5
Azmatullah,AFG_RSA_27_June,AFG,10,12,2,0,83.33
Nabi,AFG_RSA_27_June,AFG,0,3,0,0,0
Nangeyalia Kharote,AFG_RSA_27_June,AFG,2,7,0,0,28.57
Karim Janat,AFG_RSA_27_June,AFG,8,13,1,0,61.54
Rashid Khan (c),AFG_RSA_27_June,AFG,8,8,2,0,100
Noor Ahmad,AFG_RSA_27_June,AFG,0,2,0,0,0
Naveen-ul-Haq,AFG_RSA_27_June,AFG,2,8,0,0,25
Fazalhaq Farooqi,AFG_RSA_27_June,AFG,2,2,0,0,100
Quinton de Kock (wk),AFG_RSA_27_June,RSA,5,8,1,0,62.5
Reeza Hendricks,AFG_RSA_27_June,RSA,29,25,3,1,116
Aiden Markram (c),AFG_RSA_27_June,RSA,23,21,4,0,109.52
Rohit (c),ENG_IND_27_June,IND,57,39,6,2,146.15
Kohli,ENG_IND_27_June,IND,9,9,0,1,100
Pant (wk),ENG_IND_27_June,IND,4,6,0,0,66.67
Suryakumar Yadav,ENG_IND_27_June,IND,47,36,4,2,130.56
Hardik Pandya,ENG_IND_27_June,IND,23,13,1,2,176.92
Ravindra Jadeja,ENG_IND_27_June,IND,17,9,2,0,188.89
Shivam Dube,ENG_IND_27_June,IND,0,1,0,0,0
Axar,ENG_IND_27_June,IND,10,6,0,1,166.67
Arshdeep Singh,ENG_IND_27_June,IND,1,1,0,0,100
Philip Salt,ENG_IND_27_June,ENG,5,8,0,0,62.5
Jos Buttler (c & wk),ENG_IND_27_June,ENG,23,15,4,0,153.33
Moeen Ali,ENG_IND_27_June,ENG,8,10,0,0,80
Jonny Bairstow,ENG_IND_27_June,ENG,0,3,0,0,0
Harry Brook,ENG_IND_27_June,ENG,25,19,3,0,131.58
Sam Curran,ENG_IND_27_June,ENG,2,4,0,0,50
Liam Livingstone,ENG_IND_27_June,ENG,11,16,0,0,68.75
Chris Jordan,ENG_IND_27_June,ENG,1,5,0,0,20
Jofra Archer,ENG_IND_27_June,ENG,21,15,1,2,140
Adil Rashid,ENG_IND_27_June,ENG,2,2,0,0,100
Reece Topley,ENG_IND_27_June,ENG,3,3,0,0,100
Rohit (c),RSA_IND_29_June,IND,9,5,2,0,180
Kohli,RSA_IND_29_June,IND,76,59,6,2,128.81
Pant (wk),RSA_IND_29_June,IND,0,2,0,0,0
Suryakumar Yadav,RSA_IND_29_June,IND,3,4,0,0,75
Axar,RSA_IND_29_June,IND,47,31,1,4,151.61
Shivam Dube,RSA_IND_29_June,IND,27,16,3,1,168.75
Hardik Pandya,RSA_IND_29_June,IND,5,2,1,0,250
Ravindra Jadeja,RSA_IND_29_June,IND,2,2,0,0,100
Reeza Hendricks,RSA_IND_29_June,RSA,4,5,1,0,80
Quinton de Kock (wk),RSA_IND_29_June,RSA,39,31,4,1,125.81
Aiden Markram (c),RSA_IND_29_June,RSA,4,5,1,0,80
Tristan Stubbs,RSA_IND_29_June,RSA,31,21,3,1,147.62
Heinrich Klaasen,RSA_IND_29_June,RSA,52,27,2,5,192.59
David Miller,RSA_IND_29_June,RSA,21,17,1,1,123.53
Marco Jansen,RSA_IND_29_June,RSA,2,4,0,0,50
Keshav Maharaj,RSA_IND_29_June,RSA,2,7,0,0,28.57
Kagiso Rabada,RSA_IND_29_June,RSA,4,3,1,0,133.33
Anrich Nortje,RSA_IND_29_June,RSA,1,1,0,0,100
